{"learning": {"losses": [0.15116446090784544, 0.10695719496773866, 0.08887255167549786, 0.07656435293029062, 0.06672338029602543, 0.060114508465630934, 0.05466817475098651, 0.0502467645079984, 0.046921876802419625, 0.04422973177861422, 0.042091812841439, 0.040515404238249175, 0.03885107686801348, 0.03753486032170864, 0.03612747696994726, 0.03485849041317124, 0.034087191765138414, 0.033112773283695184, 0.032291243679840896, 0.03147579659707844, 0.030785287111939397, 0.030447538728670526, 0.029829203813278582, 0.029352431437776733, 0.028837169644248206, 0.028473073718487285, 0.028230760600611877, 0.027820155594478518, 0.02741071518539684, 0.026958487297330674, 0.026608379526199617, 0.026505671283909276, 0.026053923240397125, 0.025673123437930673, 0.025302199295159273, 0.025033816096159473, 0.024945966186351143, 0.02455265333992429, 0.0243002383140265, 0.024059759506296057, 0.023819883506803308, 0.0237957322630488, 0.02350760555176142, 0.023271433024395567, 0.02306104186088002, 0.022838893353764433, 0.022920349045307375, 0.02267921153300752, 0.022473698025957372, 0.022329868466234377]}, "testing": {"losses": [0.1544354110956192, 0.13986939191818237, 0.13078966736793518, 0.12557807564735413, 0.12217292189598083, 0.12014561146497726, 0.11805003136396408, 0.1173510029911995, 0.11615344136953354, 0.11584237217903137, 0.11571323871612549, 0.11470871418714523, 0.11438610404729843, 0.11477461457252502, 0.1141577661037445, 0.1145518571138382, 0.1145578995347023, 0.11478869616985321, 0.11472993344068527, 0.1147228479385376, 0.11492402106523514, 0.11466649919748306, 0.11485414206981659, 0.11508213728666306, 0.11461926251649857, 0.11444723606109619, 0.11437694728374481, 0.11440442502498627, 0.11451482027769089, 0.11476930230855942, 0.11483703553676605, 0.11493104696273804, 0.11502775549888611, 0.11499735713005066, 0.11515837162733078, 0.11530976742506027, 0.11528462916612625, 0.11549949645996094, 0.11547281593084335, 0.11555039882659912, 0.11583240330219269, 0.11601054668426514, 0.11601752042770386, 0.11618197709321976, 0.11628246307373047, 0.11643260717391968, 0.11649056524038315, 0.11659818142652512, 0.11684101819992065, 0.11706075817346573]}}