{"learning": {"losses": [0.09314031633160387, 0.042818033790050926, 0.02783298830096707, 0.01952331372255382, 0.014764873327294481, 0.011837891397893449, 0.010050397347185935, 0.00866882784430345, 0.007684853829080869, 0.006947749850193456, 0.006347091319184983, 0.005985725424276704, 0.005544372466829373, 0.005196478900719133, 0.004862954612235626, 0.004621919626060844, 0.00452044811330173, 0.004301147258199005, 0.004104038223582999, 0.003952773910593048, 0.003816511937808779, 0.003779504039812309, 0.003641423009336601, 0.0035322118006509604, 0.0034303191844931766, 0.003329614078514472, 0.0033221162094226506, 0.0032292003017270567, 0.003144267572906756, 0.0030729691648048174, 0.0029999574020772948, 0.0030209103878557166, 0.0029491868547211197, 0.0028838936740006225, 0.002831839078983952, 0.0027700338808548017, 0.0028046944312336564, 0.0027570053901702827, 0.002713769359009651, 0.0026634849662059423, 0.002612625234784597, 0.002644432279642691, 0.0026011450597707153, 0.0025560050844433135, 0.0025127513251845812, 0.0024718278843920416, 0.0025115012655684645, 0.002473543003513138, 0.002432671324868352, 0.0023943304717401284]}, "testing": {"losses": [0.14825932681560516, 0.13114498555660248, 0.12223728001117706, 0.11737357825040817, 0.11544273048639297, 0.11406850814819336, 0.1132792979478836, 0.11312857270240784, 0.11296210438013077, 0.1133672297000885, 0.1132248193025589, 0.11251375824213028, 0.11224401742219925, 0.11194957792758942, 0.11171455681324005, 0.11186143010854721, 0.11127641797065735, 0.11099495738744736, 0.11102250963449478, 0.11080022901296616, 0.11083114147186279, 0.11081279814243317, 0.11083748191595078, 0.11066823452711105, 0.11060627549886703, 0.11091247946023941, 0.11095906794071198, 0.11124857515096664, 0.11145627498626709, 0.11195951700210571, 0.11200304329395294, 0.11198601871728897, 0.11214685440063477, 0.11225557327270508, 0.11240629851818085, 0.11259684711694717, 0.11270497739315033, 0.11300963908433914, 0.11325492709875107, 0.11343871802091599, 0.11368430405855179, 0.11390774697065353, 0.11424382776021957, 0.11443933844566345, 0.11456678062677383, 0.11473515629768372, 0.11482418328523636, 0.11497354507446289, 0.11509089916944504, 0.11514457315206528]}}