{"learning": {"losses": [0.07726348532014526, 0.0383279625675641, 0.026658315104820456, 0.019596656401214812, 0.015103436532929967, 0.012342223707795105, 0.010580425335319887, 0.009071919829390632, 0.007992921940058295, 0.007207822994435749, 0.006589818802694936, 0.006231315231616463, 0.005771871373781323, 0.005423547685950325, 0.005074207570487488, 0.004802224643754016, 0.004670121174816207, 0.004429812783352342, 0.004246220985957431, 0.00407451689102345, 0.003919604357861317, 0.0038922190563728996, 0.0037529711108466777, 0.00363294047178897, 0.003511644705061675, 0.003424240617732721, 0.003425513582290781, 0.0033185460780108165, 0.0032223575413657577, 0.003145156251851707, 0.0030695548472673786, 0.003087032059132374, 0.0030146277916477024, 0.0029479902188995766, 0.0028837917304069074, 0.00283218904178284, 0.002861738930202288, 0.002807033666764861, 0.0027512019142553377, 0.002703656053654413, 0.002658341886899507, 0.002689357677506147, 0.002644940116321474, 0.002603777412484002, 0.002563358481741792, 0.002523893089573903, 0.0025568681496679346, 0.002516436448255869, 0.0024760888408460837, 0.002436433235364651]}, "testing": {"losses": [0.0990247130393982, 0.0876905769109726, 0.08254435658454895, 0.07996663451194763, 0.07885777205228806, 0.07766219973564148, 0.07696457952260971, 0.07685336470603943, 0.07678338885307312, 0.0765121728181839, 0.07682424783706665, 0.07694389671087265, 0.07686016708612442, 0.07691296935081482, 0.07690563797950745, 0.07709038257598877, 0.07703149318695068, 0.07704074680805206, 0.07672495394945145, 0.07664318382740021, 0.07660827785730362, 0.07645095139741898, 0.07660479098558426, 0.0765240415930748, 0.07669149339199066, 0.07666220515966415, 0.07675731927156448, 0.07667059451341629, 0.07668114453554153, 0.07670052349567413, 0.07685621827840805, 0.07686088234186172, 0.07687463611364365, 0.07691949605941772, 0.07699447870254517, 0.07702832669019699, 0.07719303667545319, 0.077387735247612, 0.07750077545642853, 0.07762240618467331, 0.0776849240064621, 0.07779590040445328, 0.07794735580682755, 0.07803168892860413, 0.07811083644628525, 0.07815787196159363, 0.07827600091695786, 0.07842861115932465, 0.07851849496364594, 0.07862287014722824]}}