{"learning": {"losses": [0.044409261106920894, 0.021497722095470333, 0.01435768583208604, 0.010298978544293883, 0.007979374641460405, 0.006503297946740834, 0.005590734102800828, 0.00482362895187786, 0.004266421140528109, 0.0038694177346011807, 0.0035324749337632966, 0.003286834413605296, 0.0030229901380304605, 0.002806273936660849, 0.0026448730825450184, 0.002493598788911792, 0.002413407256881328, 0.002301354750519143, 0.002198573942071865, 0.0021164382598802454, 0.0020490677751467956, 0.0020321200039461473, 0.0019597535615503148, 0.0019015597072211676, 0.001840837473347771, 0.0017872453681017457, 0.001781513771599445, 0.0017277103784560193, 0.0016761564745214248, 0.0016324861992795074, 0.0015952690921873607, 0.0016010678642714993, 0.0015578598962520118, 0.0015262759141023707, 0.0014946317942682679, 0.0014628935767480773, 0.0014761746499895405, 0.0014450892298706701, 0.001418475101824394, 0.0013922781129925472, 0.0013680990969078266, 0.0013809027040376047, 0.0013579399293727572, 0.0013341394998936569, 0.001315232853433675, 0.001293709496280826, 0.0013077086390846186, 0.0012883502297427185, 0.0012716180019272845, 0.0012513759883177045]}, "testing": {"losses": [0.0640997663140297, 0.055689938366413116, 0.053463760763406754, 0.052545852959156036, 0.051714010536670685, 0.05110468342900276, 0.05040736123919487, 0.05019987002015114, 0.049829717725515366, 0.04979642108082771, 0.04959568753838539, 0.04934109002351761, 0.04925854504108429, 0.049152713268995285, 0.04910944402217865, 0.04904855415225029, 0.04888160526752472, 0.04879273846745491, 0.048825617879629135, 0.048810772597789764, 0.04883083701133728, 0.04894895479083061, 0.049053166061639786, 0.049021005630493164, 0.049129847437143326, 0.04925737902522087, 0.049343932420015335, 0.049505773931741714, 0.04959486797451973, 0.04960287734866142, 0.049612682312726974, 0.04969606548547745, 0.04986570402979851, 0.04997865483164787, 0.05007357895374298, 0.05014783889055252, 0.05015420541167259, 0.05025843158364296, 0.05035245791077614, 0.050422921776771545, 0.050575919449329376, 0.05068798363208771, 0.05079245567321777, 0.05087963864207268, 0.050947412848472595, 0.05105162784457207, 0.051156409084796906, 0.05124058574438095, 0.051361244171857834, 0.051469720900058746]}}