{"learning": {"losses": [0.04283337746407293, 0.021171624881390017, 0.01452713003466973, 0.01049584174749422, 0.008108569267278654, 0.0065130929019687755, 0.005571570284852593, 0.004780087538316972, 0.0042045743580274575, 0.0037675869410425853, 0.003440771402210885, 0.0032415549831815347, 0.003001642120352699, 0.002801235362009417, 0.0026356694074820552, 0.0025017476816628914, 0.002422259481287862, 0.0022996360954342285, 0.0022062970747356303, 0.002121597958193888, 0.002045271500113207, 0.0020247619883472603, 0.0019590872464050335, 0.0018982591054736986, 0.0018443162302901328, 0.0017978400259911116, 0.0017886029214272032, 0.001736181404983957, 0.0016928187414653924, 0.001651422578030785, 0.0016143705972050764, 0.0016086480616953243, 0.0015700441099397722, 0.0015384704382010266, 0.0015083952480002456, 0.001478517313444172, 0.001490726422237761, 0.0014636071449179628, 0.0014378979986607494, 0.0014137624774927342, 0.001387745326572561, 0.0014003597791164186, 0.001373105962329646, 0.0013513857267829128, 0.001328557528836427, 0.0013056436838875622, 0.0013217767768765043, 0.00130054144328066, 0.001281180221174812, 0.001261333112590061]}, "testing": {"losses": [0.05959974601864815, 0.052402909845113754, 0.04930521547794342, 0.047459378838539124, 0.04631410166621208, 0.04595952481031418, 0.0451483391225338, 0.04486322030425072, 0.044926706701517105, 0.04475458338856697, 0.04463445022702217, 0.04472661390900612, 0.04465050995349884, 0.04475056752562523, 0.04475552216172218, 0.04483243077993393, 0.04502572864294052, 0.04505833983421326, 0.045061156153678894, 0.045143019407987595, 0.04519323259592056, 0.04524537920951843, 0.04534178972244263, 0.045356594026088715, 0.045413002371788025, 0.0454910583794117, 0.0456157848238945, 0.045728668570518494, 0.04579388350248337, 0.045936644077301025, 0.04600042104721069, 0.04617655649781227, 0.046228792518377304, 0.04638255015015602, 0.046548813581466675, 0.0466570109128952, 0.046773169189691544, 0.04682960361242294, 0.046906422823667526, 0.04694967344403267, 0.04703013226389885, 0.04702368378639221, 0.04703044891357422, 0.04710980877280235, 0.04709218069911003, 0.04712570831179619, 0.04717717692255974, 0.047272518277168274, 0.04736381769180298, 0.04738035425543785]}}