{"learning": {"losses": [0.05729464279022068, 0.030891144785564394, 0.0229696162045002, 0.0184455316956155, 0.01571867814142024, 0.013705626640585252, 0.012594978933047968, 0.011439094214874785, 0.010612447353487368, 0.009970346474437975, 0.009425716414407362, 0.009145632392901462, 0.008682575727580116, 0.008322782109898981, 0.008030604518571636, 0.007768195024254965, 0.007708776814397424, 0.007470511081774021, 0.007278265094064409, 0.007092462710716063, 0.006932850352895912, 0.006947725620993879, 0.006793709972844226, 0.00665753205481451, 0.006521661299047992]}, "testing": {"losses": [0.07538808882236481, 0.067978635430336, 0.0643230751156807, 0.06269301474094391, 0.061835672706365585, 0.061204034835100174, 0.06093946099281311, 0.06098560988903046, 0.06102879345417023, 0.06066633388400078, 0.06068558245897293, 0.06059945374727249, 0.06068306788802147, 0.060539085417985916, 0.06062818318605423, 0.060802772641181946, 0.06081680208444595, 0.06114594638347626, 0.06156352162361145, 0.061843566596508026, 0.06208479031920433, 0.062358979135751724, 0.06255195289850235, 0.06269630789756775, 0.06273248791694641]}}